Ville,E-mail
Mairie Aigues-Vives,mairie-aiguesvives@wanadoo.fr
Mairie Airoux,mairieairoux@wanadoo.fr
Mairie Ajac,mairie.ajac@wanadoo.fr
Mairie Alaigne,commune-alaigne@wanadoo.fr
Mairie Alairac,accueil@mairie-alairac.fr
Mairie Albas,albas.11@wanadoo.fr
Mairie Albi√®res,albieres.mairie@orange.fr
Mairie Alet-les-Bains,mairie.alet@wanadoo.fr
Mairie Alzonne,mairiedalzonne@wanadoo.fr
Mairie Antugnac,mairiedantugnac@wanadoo.fr
Mairie Aragon,mairie-aragon@wanadoo.fr
Mairie Argeliers,mairie-argeliers2@wanadoo.fr
Mairie Argens-Minervois,mairie.argens.minervois@wanadoo.fr
Mairie Armissan,mairie.armissan@wanadoo.fr
Mairie Arques,communedarques@orange.fr
Mairie Arquettes-en-Val,mairie.arquettesenval@orange.fr
Mairie Artigues,mairie.artigues2@wanadoo.fr
Mairie Arzens,mairie-arzens@orange.fr
Mairie Aunat,mairie.aunat@orange.fr
Mairie Auriac,auriac.mairie@orange.fr
Mairie Axat,mairie.axat@axat.fr
Mairie Azille,contact@mairie-azille.com
Mairie Badens,mairie.badens@orange.fr
Mairie Bages,info@bages.fr
